Banane,1111
Salade de Fruits,398
Fraisier,469
Tarte poires amandes,371
Clémentine,330
Banane,369
Chou à la crème,958
Clémentine,271
Banane,338
Brownie,559
Salade de Fruits,407
Tarte poires amandes,324
Tarte poires amandes,428
Clémentine,310
Salade de Fruits,394
Yaourt nature,312
Clémentine,158
Banane,379
Brownie,780
Fraisier,286
Yaourt à la grecque,346
Orange,315
Orange,575
Orange,401
Clémentine,567
Salade de Fruits,525
Orange,338
Cake aux Fruits,406
Orange,274
Salade de Fruits,286
Clémentine,304
Brownie,511
Tarte poires amandes,222
Yaourt nature,316
Yaourt nature,295
Orange,270
Yaourt à la grecque,517
Salade de Fruits,88
Salade de Fruits,452
Cake aux Fruits,145
Clémentine,379
Clémentine,466
Tarte poires amandes,322
Salade de Fruits,270
Yaourt nature,358
Banane,101
Madeleine,331
Orange,473
Cake aux Fruits,761
Yaourt aux fruits,243
Fraisier,234
Tarte poires amandes,823
Yaourt aux fruits,429
Tarte poires amandes,498
Fraisier,903
Fraisier,611
Clémentine,537
Clémentine,674
Orange,2947
Clémentine,363
Banane,381
Yaourt aux fruits,79
Clémentine,319
Clémentine,279
Cake aux Fruits,916
Orange,418
Fraisier,370
Tarte poires amandes,302
Orange,102
Brownie,4958
Orange,434
Salade de Fruits,474
Crêpe à la confiture,490
Clémentine,135
Banane,9930
Banane,413
Madeleine,459
Clémentine,425
Cake aux Fruits,60
Cake aux Fruits,8140
Madeleine,2685
