Yaourt nature,4319
Tiramisu,1720
Yaourt sucré,1130
Brownie,1445
Tiramisu,754
Quatre-Quart,1393
Orange,1452
Liégeois,1622
Sorbet,33246
Sorbet,919
Yaourt sucré,1033
Brownie,886
Orange,1313
Yaourt nature,759
Quatre-Quart,435
Yaourt sucré,862
Raisin,617
Yaourt nature,2226
Liégeois,918
Yaourt nature,3853
Orange,395
Sorbet,806
Quatre-Quart,823
Kiwi,2590
Kiwi,344
Tiramisu,1582
Tiramisu,625
Tiramisu,619
Brownie,1306
Raisin,1004
Yaourt sucré,3910
Yaourt nature,2697
Liégeois,935
Quatre-Quart,911
Brownie,711
Liégeois,729
Liégeois,286
Brownie,1133
Quatre-Quart,933
Tiramisu,1111
Quatre-Quart,1214
Tiramisu,320
Raisin,450
Quatre-Quart,8261
Brownie,1298
Brownie,1330
Yaourt sucré,1831
Orange,3711
Cheesecake,1568
Brownie,1501
Yaourt sucré,3246
Quatre-Quart,1569
Kiwi,2215
Yaourt sucré,4268
Liégeois,361
Quatre-Quart,794
Orange,2272
Yaourt sucré,1433
Kiwi,423
Yaourt sucré,4844
Sorbet,777
Yaourt nature,5819
Yaourt sucré,1715
Liégeois,2025
Quatre-Quart,1641
Charlotte aux Fruits,128
Tiramisu,4225
Yaourt sucré,8965
Tiramisu,5167
Liégeois,6948
Yaourt sucré,5887
Sorbet,1603
Orange,1394
Yaourt nature,3584
Brownie,3203
Cheesecake,7266
Brownie,3435
Kiwi,2245
Yaourt nature,8572
Quatre-Quart,2746
Yaourt nature,8290
