Charlotte aux Fruits,771
Milk-Shake,535
Kiwi,659
Yaourt aux fruits,373
Tarte poires amandes,1840
Charlotte aux Fruits,808
Smoothie,1198
Tarte poires amandes,1471
Yaourt aux fruits,847
Tarte aux Fruits,1980
Meringue,618
Compote,1886
Meringue,3526
Yaourt aux fruits,3273
Meringue,3984
Smoothie,3793
Charlotte aux Fruits,1748
Brownie,2556
Milk-Shake,1036
Smoothie,1651
Brownie,13470
Fraisier,30192
Tarte poires amandes,30561
Compote,2095
Meringue,10537
Kiwi,2910
Crème Caramel,2555
Brownie,2137
Charlotte aux Fruits,3526
Charlotte aux Fruits,6483
Charlotte aux Fruits,4649
Smoothie,385
Tarte poires amandes,716
Compote,5123
Yaourt aux fruits,849
Kiwi,409
Compote,607
Brownie,422
Tarte poires amandes,324
Tarte poires amandes,1044
Tarte aux Fruits,2098
Smoothie,7971
Ile flottante,1718
Cake aux Fruits,1736
Fraisier,5517
Milk-Shake,4319
Fraisier,3381
Fraisier,5277
Charlotte aux Fruits,1109
Meringue,1586
Fraisier,582
Meringue,3766
Smoothie,2273
Meringue,9582
Brownie,15992
Milk-Shake,529
Brownie,23019
Charlotte aux Fruits,15329
Fraisier,92547
Kiwi,7083
Smoothie,2640
Brownie,3439
Smoothie,1138
Milk-Shake,5933
Compote,13848
Yaourt aux fruits,673
Milk-Shake,1108
Brownie,5275
Crème Caramel,17613
Crème Caramel,30675
Brownie,9548
Smoothie,3983
Milk-Shake,5403
Tarte poires amandes,4383
Smoothie,9177
Milk-Shake,4862
Milk-Shake,1507
Milk-Shake,6418
Milk-Shake,6717
Kiwi,969
Meringue,3802
